x,y,CO2flux
515224,4048555,22.98
515245,4048530,6.15
515279,4048506,12.73
515312,4048485,15.7
515349,4048462,22.98
515383,4048430,14.99
515420,4048410,21.07
515455,4048386,26.66
515490,4048356,31.05
515523,4048324,33.1
515558,4048293,13.37
515590,4048259,47.81
515611,4048237,122.91
515633,4048217,17.47
515649,4048196,77.01
515684,4048224,33.66
515661,4048236,4.38
515643,4048257,72.28
515609,4048285,13.79
515574,4048317,30.06
515540,4048349,21.57
515503,4048381,24.68
515464,4048413,21.36
515428,4048441,35.36
515390,4048473,15.7
515352,4048503,16.62
515317,4048530,15.56
515281,4048560,15.77
515239,4048580,17.82
515244,4048626,29.14
515284,4048602,8.27
515325,4048578,24.89
515361,4048549,14.85
515399,4048522,27.44
515437,4048497,12.38
515476,4048473,5.37
515510,4048445,24.68
515548,4048417,17.96
515574,4048377,19.73
515603,4048349,22.35
515639,4048323,27.3
515673,4048309,91.58
515696,4048287,23.27
515725,4048264,84.23
515744,4048295,22.35
515728,4048322,142.29
515684,4048347,39.04
515646,4048382,60.47
515613,4048408,34.58
515575,4048441,15.7
515532,4048474,39.32
515496,4048503,9.26
515458,4048530,10.18
515417,4048554,15.49
515374,4048577,14.71
515334,4048602,9.48
515294,4048628,15.49
515257,4048656,21.71
515262,4048693,23.13
515300,4048667,7.14
515340,4048643,4.24
515379,4048617,14.64
515416,4048594,10.47
515457,4048570,24.75
515494,4048545,44.34
515529,4048517,22.98
515574,4048486,47.24
515601,4048462,49.5
515631,4048432,38.12
515667,4048412,64.71
515700,4048391,94.13
515727,4048367,505.15
515757,4048360,51.13
515739,4048404,26.87
515766,4048391,30.69
515711,4048416,30.34
515681,4048443,68.81
515648,4048476,48.51
515613,4048501,29.28
515574,4048529,26.24
515536,4048555,42.71
515499,4048583,27.79
515467,4048609,16.69
515426,4048634,8.98
515389,4048657,9.41
515346,4048684,4.74
515301,4048701,13.3
515268,4048718,25.67
515288,4048769,6.72
515324,4048743,9.05
515361,4048719,36.56
515399,4048699,15.49
515446,4048671,3.96
515478,4048649,10.25
515517,4048628,22.77
515551,4048602,23.69
515597,4048570,11.53
515634,4048551,48.16
515673,4048527,46.53
515706,4048504,30.98
515756,4048477,29.56
515778,4048429,8.34
515803,4048407,81.75
515842,4048426,2.48
515825,4048462,276.66
515854,4048445,31.82
515829,4048476,2586.23
515806,4048492,24.89
515767,4048524,27.65
515726,4048541,20.3
515684,4048565,17.68
515644,4048592,12.45
515608,4048617,29.56
515572,4048644,26.45
515530,4048672,12.87
515492,4048699,9.41
515449,4048724,12.02
515412,4048747,10.75
515376,4048768,31.19
515333,4048795,17.75
515295,4048820,22.49
515316,4048855,31.26
515349,4048837,27.3
515391,4048823,26.94
515424,4048797,4.38
515461,4048765,12.94
515510,4048737,4.74
515551,4048708,14
515600,4048680,32.18
515630,4048657,17.75
515676,4048635,18.88
515715,4048612,29.63
515755,4048588,5.23
515812,4048571,10.96
515844,4048541,20.86
515865,4048495,12.52
515877,4048472,251.41
515887,4048452,18.25
515921,4048484,305.51
515906,4048508,6.44
515897,4048522,5.87
515886,4048548,34.44
515862,4048609,6.72
515832,4048649,29.84
515777,4048688,21.71
515745,4048704,15.7
515704,4048707,19.09
515663,4048721,33.24
515625,4048736,46.89
515590,4048747,17.04
515548,4048759,13.65
515512,4048782,9.69
515472,4048803,18.81
515432,4048838,10.47
515400,4048872,34.79
515369,4048894,13.15
515325,4048896,104.95
515203,4048577,39.74
515169,4048597,51.84
515138,4048620,77.72
515106,4048635,10.18
515118,4048656,152.47
515160,4048644,53.32
515193,4048626,51.34
515210,4048656,17.75
515230,4048701,9.19
515233,4048743,6.08
515261,4048792,9.83
515263,4048827,5.94
515270,4048874,2.33
515283,4048916,13.79
515246,4048925,5.8
515229,4048886,5.37
515224,4048834,8.42
515213,4048788,58.56
515200,4048741,0.99
515182,4048704,166.69
515161,4048663,113.22
515522,4048153,171.5
515493,4048177,43.92
515465,4048199,26.87
515431,4048224,35.5
515407,4048248,60.89
515376,4048234,43
515389,4048204,141.79
515427,4048183,23.13
515454,4048155,58.63
515483,4048130,29.7
515511,4048115,52.19
515542,4048084,76.02
515563,4048064,135.36
515585,4048070,6.01
515582,4048107,420.78
515546,4048129,70.44
515203,4048520,19.87
515240,4048494,3.89
515275,4048469,12.31
515309,4048440,20.01
515341,4048412,12.02
515378,4048384,20.58
515410,4048356,21.71
515441,4048328,20.44
515477,4048301,6.44
515509,4048275,11.81
515547,4048246,7.28
515577,4048222,29.21
515608,4048201,30.2
515641,4048179,8.91
515616,4048156,7
515589,4048175,10.54
515558,4048184,28.29
515524,4048197,27.09
515502,4048220,14.21
515466,4048251,36.07
515457,4048256,176.8
515424,4048283,20.58
515391,4048310,8.27
515353,4048343,16.83
515310,4048378,5.73
515282,4048406,24.19
515247,4048436,10.25
515214,4048468,6.44
515188,4048486,7.07
515158,4048514,31.97
515171,4048557,43.14
515130,4048588,67.89
515088,4048605,183.87
515065,4048586,18.39
515095,4048562,31.82
515124,4048538,31.75
515036,4048563,21.29
515064,4048537,25.03
515095,4048505,18.88
515133,4048477,27.58
515163,4048446,13.93
515196,4048420,2.9
515232,4048387,8.56
515261,4048356,11.81
515287,4048326,4.74
515328,4048303,28.92
515369,4048273,5.87
514861,4048678,273.33
514779,4048645,44.98
514797,4048663,40.24
514817,4048701,439.38
514788,4048709,353.32
514768,4048680,78.71
514758,4048663,83.31
514731,4048643,103.18
514796,4048679,19.17
514661,4048534,91.3
514695,4048537,59.19
514706,4048519,101.06
514687,4048492,14.29
514680,4048514,281.75
514647,4048490,21.29
514620,4048468,5.23
514711,4048485,57.07
514665,4048469,121.78
514595,4048451,12.31
514563,4048432,20.01
514553,4048466,1.34
514596,4048484,2.97
515192,4048905,4.31
515157,4048930,10.18
515122,4048941,18.1
515081,4048959,49.29
515045,4048972,89.11
515009,4048987,29.56
514975,4048996,18.03
514940,4049012,35.5
514912,4049033,92.5
514878,4049052,37.06
514834,4049072,24.26
514804,4049092,3.32
514773,4049112,0.28
514782,4049146,0.42
514804,4049183,0.5
514838,4049173,0.64
514840,4049134,2.19
514884,4049115,77.01
514904,4049152,37.84
514925,4049187,15.42
514968,4049166,47.31
514946,4049129,19.59
514929,4049096,39.96
514955,4049071,30.69
514977,4049109,15.7
514995,4049142,3.82
515036,4049130,5.09
515019,4049089,59.76
514994,4049046,21.92
515033,4049027,65.2
515061,4049058,100.07
515089,4049094,18.46
515139,4049080,35.78
515136,4049022,29.63
515108,4048995,16.34
515078,4049001,32.04
515150,4048969,66.76
515173,4049007,39.89
515192,4049044,8.49
515230,4049028,3.32
515218,4048989,5.59
515200,4048947,16.05
515256,4048968,6.86
515266,4049011,140.1
515309,4048994,6.86
515294,4048954,7.92
515142,4048709,360.6
515169,4048736,70.93
515190,4048771,65.84
515192,4048812,3.11
515175,4048852,131.47
515149,4048890,4.1
515118,4048913,100.21
515084,4048921,43.35
515005,4048947,79.42
514977,4048937,202.54
514928,4048951,1.63
514899,4048969,26.94
514859,4048986,11.74
514834,4049032,19.31
514804,4049058,7.21
514770,4049071,9.34
514750,4049037,9.62
514729,4049002,5.45
514758,4048974,5.3
514807,4048949,15.91
514839,4048940,10.54
514878,4048926,4.38
514916,4048917,5.23
514954,4048904,44.98
515011,4048885,3.89
515043,4048886,140.8
515068,4048871,213.29
515110,4048859,258.98
515130,4048818,21.15
515129,4048773,9.12
515104,4048738,10.54
515083,4048695,104.24
515062,4048654,224.96
515027,4048651,110.39
514985,4048659,14.57
514963,4048687,37.41
514980,4048724,7.85
514955,4048750,13.51
514960,4048772,105.16
514982,4048765,932.66
515017,4048737,131.33
515042,4048722,275.81
515069,4048756,84.02
515083,4048776,12.38
515100,4048805,5.09
515091,4048847,156.08
515059,4048849,26.66
515028,4048847,236.28
514993,4048841,135.5
514973,4048823,197.66
514959,4048811,77.44
514953,4048858,45.19
514986,4048886,83.31
514916,4048870,20.58
514878,4048884,2.97
514841,4048901,24.19
514808,4048919,33.52
515007,4048801,125.88
515024,4048781,2389.63
515023,4048780,1521.19
515053,4048799,437.33
515043,4048833,243.06
515068,4048825,265.34
515060,4048923,56.01
515339,4048938,17.33
515378,4048911,5.73
515410,4048887,5.3
515444,4048873,4.31
515483,4048844,6.29
515528,4048818,3.75
515572,4048799,9.19
515622,4048780,16.83
515667,4048760,19.52
515707,4048734,21
515744,4048722,17.4
515778,4048705,15.56
515823,4048693,5.59
515858,4048675,3.61
515892,4048650,7.5
515926,4048615,46.89
515953,4048583,19.87
515948,4048544,216.62
515971,4048554,150.28
515990,4048562,2.97
515921,4048555,10.54
515917,4048528,13.22
515954,4048640,17.11
515915,4048675,2.55
515875,4048708,5.16
515831,4048730,10.25
515788,4048738,17.4
515753,4048750,20.65
515713,4048767,18.32
515674,4048787,16.19
515632,4048814,13.79
515603,4048827,14.07
515593,4048864,11.67
515535,4048859,6.01
515498,4048873,5.8
515457,4048894,2.76
515388,4048947,1.77
515363,4048978,3.25
515333,4048997,1.49
515084,4049148,0.42
515159,4049103,1.84
515121,4049121,0.71
515195,4049085,8.98
515233,4049072,2.97
515267,4049062,84.16
515301,4049043,1.84
515337,4049034,2.4
515374,4049010,1.06
515408,4048973,2.4
515445,4048950,4.67
515489,4048925,3.89
515527,4048907,4.1
515567,4048897,9.76
515604,4048901,10.54
515631,4048848,13.3
515666,4048822,22.98
515700,4048803,25.32
515742,4048787,24.12
515786,4048764,15.35
515829,4048766,5.23
515866,4048746,8.91
515899,4048767,5.66
515934,4048761,3.32
515914,4048728,4.17
515950,4048731,1.84
515931,4048701,5.37
515976,4048709,2.33
515957,4048670,14.99
516003,4048719,4.17
515977,4048744,3.25
515939,4048785,5.37
515885,4048794,7.85
515862,4048813,11.53
515818,4048818,2.62
515778,4048826,8.34
515730,4048829,28.01
515696,4048851,32.6
515663,4048885,11.81
515633,4048905,8.27
515615,4048928,12.66
515566,4048953,4.67
515526,4048966,3.04
515518,4049009,4.24
515470,4049026,1.91
515424,4049040,2.19
515389,4049055,1.2
515351,4049074,1.2
515321,4049087,0.57
515281,4049099,7.85
515244,4049123,53.39
515208,4049142,9.48
515166,4049150,6.22
515124,4049155,0.21
515096,4049182,0.99
515113,4049217,0.35
515146,4049195,0.64
515184,4049178,0.71
515229,4049161,0.07
515261,4049140,84.79
515299,4049132,3.47
515334,4049107,2.05
515371,4049094,1.56
515410,4049071,2.9
515453,4049057,3.32
515497,4049040,3.54
515539,4049020,2.69
515579,4048994,5.3
515610,4048974,5.87
515623,4048959,19.8
515650,4048939,6.86
515687,4048912,16.34
515716,4048880,21.92
515754,4048852,25.39
515803,4048843,15.42
515847,4048836,12.38
515896,4048831,22.28
515878,4048855,22.49
515882,4048900,23.05
515894,4048940,66.48
515900,4048982,60.11
515901,4049052,43.85
515847,4049013,33.52
515856,4049048,26.94
515840,4048973,36.7
515831,4048932,34.51
515828,4048894,36.77
515821,4048866,24.82
515783,4048866,20.23
515791,4048905,31.19
515799,4048946,36.99
515806,4048988,39.74
515816,4049029,33.59
515822,4049067,17.04
515785,4049077,17.82
515781,4049034,16.48
515768,4048996,29.77
515757,4048951,44.84
515749,4048907,25.46
515718,4048946,30.62
515730,4048984,11.81
515743,4049027,5.94
515750,4049066,3.75
515757,4049111,4.46
515719,4049116,4.46
515713,4049074,3.39
515714,4049027,5.09
515707,4049012,5.23
515684,4048975,5.73
515681,4049006,6.58
515692,4049031,2.97
515697,4049067,1.49
515698,4049109,2.48
515678,4049132,1.63
515664,4049132,4.81
515665,4049089,13.79
515660,4049050,4.17
515649,4049008,10.04
515631,4048980,42.01
515617,4049006,1.98
515629,4049045,5.8
515643,4049088,6.01
515644,4049125,4.81
515634,4049165,3.96
515621,4049159,8.98
515615,4049117,4.88
515605,4049077,3.89
515586,4049037,4.67
515551,4049066,4.1
515574,4049105,2.76
515592,4049150,3.25
515610,4049187,5.52
515608,4049231,2.9
515572,4049232,5.45
515575,4049194,4.6
515555,4049149,4.95
515529,4049115,4.1
515506,4049081,3.47
515463,4049091,1.91
515485,4049126,2.4
515514,4049160,5.16
515535,4049200,2.97
515501,4049234,3.39
515479,4049197,3.04
515447,4049160,2.19
515415,4049128,1.91
515380,4049147,1.84
515415,4049182,2.55
515448,4049212,2.55
515469,4049245,3.82
515422,4049255,2.12
515386,4049276,1.84
515377,4049229,2.97
515404,4049206,2.76
515374,4049184,2.97
515346,4049137,1.98
515181,4049218,0.21
515218,4049217,0.21
515213,4049175,1.2
515232,4049201,0.35
515261,4049235,0.92
515266,4049190,1.2
515290,4049162,0.35
515298,4049206,1.91
515335,4049212,0.57
515332,4049252,2.05
515334,4049189,1.56
515316,4049163,2.9
515132,4048418,7
515164,4048386,14.5
515196,4048351,17.18
515230,4048317,21.92
515262,4048287,8.98
515295,4048254,49.43
515337,4048235,32.04
515350,4048188,104.52
515367,4048152,91.72
515362,4048110,2.9
515368,4048065,14.36
515381,4048024,2.69
515395,4047994,7.57
515430,4047984,2.48
515461,4047954,141.72
515495,4047933,51.2
515520,4047912,57.64
515552,4047876,2.33
515590,4047850,3.04
515617,4047824,1.77
515657,4047860,3.82
515694,4047896,7.92
515699,4047935,3.75
515726,4047962,2.05
515697,4047981,3.47
515668,4047951,8.27
515649,4047924,33.8
515624,4047886,22.42
515536,4047804,1.34
515500,4047766,4.6
515452,4047733,1.56
515415,4047767,47.81
515458,4047797,10.4
515500,4047843,4.74
515480,4047889,31.75
515422,4047838,26.52
515384,4047813,124.11
515350,4047782,9.76
515308,4047825,52.05
515336,4047840,23.05
515370,4047866,19.59
515411,4047887,54.38
515435,4047913,35.15
515451,4047862,36.49
515402,4047944,4.74
515365,4047910,18.32
515328,4047889,4.74
515289,4047870,34.3
515269,4047905,19.45
515304,4047918,28.15
515341,4047939,2.05
515368,4047964,3.32
515339,4047987,22.21
515320,4048011,468.31
515292,4048035,10.04
515258,4048050,1.77
515205,4048065,0.42
515223,4048021,1.91
515259,4047992,1.06
515285,4047977,78.57
515302,4047954,19.94
515273,4047938,225.74
515248,4047961,1.98
515216,4047985,0.99
515173,4048006,1.34
515152,4047978,0.57
515190,4047951,3.61
515223,4047919,4.31
515106,4048386,11.46
515138,4048348,3.75
515166,4048311,4.38
515195,4048279,6.93
515226,4048237,28.01
515268,4048209,17.89
515307,4048183,5.37
515328,4048120,2.48
515293,4048143,1.98
515258,4048163,26.31
515220,4048181,4.53
515187,4048207,4.6
515165,4048244,2.83
515133,4048274,4.03
515100,4048306,3.75
515074,4048341,6.29
515040,4048306,11.95
515067,4048263,2.69
515105,4048240,2.4
515148,4048226,1.41
515209,4048143,0.35
515244,4048110,1.27
515292,4048088,3.82
515322,4048071,99.43
515340,4048037,12.16
515403,4048139,33.95
515430,4048110,18.18
515465,4048089,43.7
515497,4048064,247.59
515522,4048035,141.58
515550,4048011,672.05
515573,4047997,33.59
515513,4047980,320.29
515485,4048003,104.81
515458,4048034,82.67
515418,4048058,78.71
515398,4048094,283.02
515103,4048454,8.42
515073,4048486,35.43
515040,4048514,28.85
515010,4048539,16.62
514979,4048564,18.81
515013,4048593,27.72
515040,4048616,189.11
515001,4048626,116.19
514966,4048617,30.69
514944,4048591,14.57
514925,4048621,23.48
514945,4048656,62.45
514928,4048686,104.59
514950,4048716,141.79
515009,4048700,58.27
514938,4048708,78.22
514910,4048650,63.29
514894,4048679,65.77
514905,4048708,250.56
514878,4048721,683.86
514904,4048746,37.55
514923,4048740,72.06
514909,4048774,30.98
514921,4048800,0.64
514921,4048828,239.39
514885,4048830,60.39
514887,4048795,150.35
514879,4048755,9.83
514868,4048711,164.49
514864,4048642,3.61
514835,4048638,56.79
514836,4048681,9.69
514789,4048621,1057.97
514761,4048623,0.57
514724,4048608,0.07
514696,4048610,0.07
514659,4048614,0.07
514626,4048627,29.84
514623,4048664,61.24
514663,4048651,2.48
514656,4048688,60.82
514691,4048697,56.86
514695,4048659,0.07
514714,4048642,1.27
514723,4048709,593.34
514719,4048675,0.07
514750,4048683,1.56
514743,4048721,272.41
514722,4048745,226.3
514760,4048748,11.24
514768,4048777,10.61
514772,4048812,2.05
514763,4048844,10.82
514800,4048843,335.35
514816,4048862,4.53
514793,4048885,2.62
514855,4048835,3.39
514824,4048830,179.84
514846,4048807,73.48
514852,4048768,272.06
514851,4048726,17.54
514827,4048761,1.2
514818,4048799,23.69
514789,4048796,1.27
514806,4048765,2.83
514824,4048734,5.3
514784,4048738,1.06
514758,4048723,1.91
514757,4048694,15.06
514598,4048636,1.63
514569,4048618,74.04
514539,4048592,5.09
514510,4048571,2.33
514474,4048560,321.35
514494,4048528,2.19
514535,4048541,18.39
514570,4048563,14.78
514600,4048595,27.72
514633,4048580,19.38
514669,4048565,99.29
514620,4048548,19.52
514623,4048526,62.87
514589,4048510,27.37
514589,4048510,3.25
514555,4048499,2.97
514518,4048499,3.04
514517,4048442,87.2
515071,4048434,19.09
515043,4048466,14.85
515016,4048495,21.43
514989,4048525,8.98
514959,4048549,30.06
514930,4048571,43.99
514907,4048599,41.02
514906,4048632,31.12
514871,4048615,1.41
514871,4048582,21.22
514889,4048554,160.68
514923,4048543,43.14
514943,4048520,57.92
514969,4048492,41.87
514998,4048462,15.35
515029,4048435,33.17
515063,4048399,12.94
515043,4048371,6.36
515012,4048401,12.02
514984,4048430,8.42
514952,4048459,39.53
514925,4048488,30.55
514892,4048519,50.56
514872,4048545,32.39
514850,4048572,93.14
514834,4048599,119.09
514819,4048574,307.7
514788,4048582,263.93
514805,4048566,53.46
514842,4048544,3.25
514859,4048518,15.13
514879,4048487,26.59
514914,4048450,37.69
514936,4048419,16.97
514963,4048388,13.51
514991,4048359,15.7
515014,4048332,8.98
515028,4048236,3.11
514988,4048206,4.24
514960,4048179,8.2
514938,4048143,17.11
514922,4048104,62.73
514914,4048064,356.5
514915,4048018,15.56
514886,4048005,64.71
514871,4048036,103.25
514919,4047980,19.17
514884,4047958,21.29
514848,4047941,15.91
514827,4047979,12.45
514857,4048005,7.07
514804,4048012,2.55
514833,4048044,8.63
514862,4048075,125.67
514897,4048097,10.18
514778,4048057,10.4
514816,4048085,3.18
514851,4048113,4.67
514873,4048146,25.67
514907,4048137,41.51
514909,4048177,18.53
514950,4048206,7.21
514968,4048241,5.3
515022,4048278,5.3
514994,4048313,9.48
514963,4048347,5.45
514931,4048377,19.73
514902,4048411,7.78
514873,4048441,32.18
514850,4048473,41.8
514828,4048505,22.21
514809,4048533,12.73
514786,4048508,0.07
514808,4048482,162.02
514829,4048454,32.32
514853,4048417,22.91
514883,4048388,9.97
514913,4048350,2.12
514944,4048320,7.57
514940,4048273,5.52
514913,4048306,4.17
514887,4048336,3.11
514859,4048370,6.01
514828,4048400,36.14
514809,4048427,16.34
514792,4048460,19.24
514747,4048482,7
514764,4048447,3.39
514767,4048412,3.68
514795,4048382,22.21
514823,4048348,3.39
514851,4048315,12.87
514879,4048285,4.6
514904,4048252,5.52
514928,4048214,9.9
514887,4048207,8.91
514864,4048242,10.82
514840,4048277,6.36
514814,4048313,13.51
514789,4048348,13.79
514766,4048382,97.17
514744,4048411,43.92
514727,4048447,47.88
514685,4048451,148.51
514703,4048427,1.27
514728,4048395,40.03
514753,4048355,8.84
514781,4048321,8.7
514806,4048284,3.61
514831,4048244,5.09
514846,4048205,1.34
514846,4048162,7.28
514820,4048134,6.93
514807,4048177,5.87
514795,4048218,4.74
514779,4048258,6.93
514759,4048293,9.26
514736,4048329,22.56
514714,4048360,25.25
514695,4048397,37.34
514680,4048422,2.48
514653,4048444,65.13
514619,4048434,23.13
514643,4048407,22.63
514666,4048377,25.81
514688,4048344,24.82
514709,4048304,23.62
514729,4048264,31.75
514748,4048230,4.67
514767,4048191,3.68
514787,4048149,4.67
514808,4048107,9.05
514756,4048105,4.53
514746,4048146,3.54
514737,4048188,2.4
514715,4048230,11.46
514696,4048270,25.95
514676,4048309,23.13
514656,4048346,12.23
514633,4048380,11.88
514612,4048410,22.7
514590,4048428,110.75
514563,4048397,16.55
514587,4048369,1.34
514618,4048342,8.13
514640,4048306,3.25
514661,4048269,20.93
514679,4048224,13.08
514694,4048180,8.84
514708,4048134,2.76
514716,4048092,1.91
514735,4048052,15.7
514753,4048011,7.5
514776,4047973,3.25
514797,4047935,11.46
514780,4047878,3.96
514759,4047916,3.18
514739,4047960,1.2
514722,4048001,1.06
514704,4048044,4.81
514685,4048087,1.56
514665,4048139,3.61
514652,4048180,6.36
514635,4048222,18.39
514613,4048259,10.18
514583,4048296,0.14
514566,4048334,1.49
514554,4048368,0.14
514582,4048241,0.92
514599,4048204,0.14
514607,4048160,0.07
514626,4048114,0.85
514656,4048066,3.75
514675,4048019,0.71
514691,4047976,1.34
514711,4047939,3.75
514730,4047894,3.32
514746,4047856,21.57
514713,4047812,10.61
514693,4047852,2.4
514693,4047894,5.09
514674,4047937,3.47
514661,4047887,8.42
514615,4047880,1.27
514654,4047850,3.11
514681,4047803,7.92
514715,4047770,15.98
514753,4047743,7.14
514788,4047715,3.39
514821,4047678,95.05
514775,4047658,26.87
514743,4047697,5.16
514711,4047728,2.48
514667,4047706,4.95
514703,4047672,3.82
514745,4047655,17.61
514688,4047764,6.51
514650,4047793,5.94
514608,4047820,17.82
514572,4047840,3.04
514536,4047808,1.7
514557,4047770,3.11
514598,4047767,2.12
514628,4047741,0.71
514826,4047652,168.95
514793,4047629,78.36
514749,4047631,36.49
514705,4047617,0.57
514668,4047643,1.77
514627,4047643,0.78
514633,4047689,5.94
514601,4047709,2.4
514574,4047670,0.99
514529,4047693,0.99
514547,4047734,2.12
514495,4047750,1.06
514490,4047797,1.98
515195,4047910,2.33
515158,4047899,4.31
515125,4047875,2.97
515079,4047864,7.21
515051,4047838,39.53
515071,4047799,11.46
515101,4047770,69.45
515131,4047739,11.46
515123,4047701,0.35
515083,4047674,0.07
515048,4047649,0.07
515001,4047630,25.03
514961,4047607,0.21
514921,4047581,0.21
514889,4047568,54.67
514860,4047554,243.28
514819,4047541,20.37
514782,4047515,0.35
514743,4047500,0.78
514707,4047488,1.77
514685,4047523,38.19
514657,4047558,0.5
514631,4047585,0.14
514666,4047583,0.07
514701,4047562,0.35
514741,4047566,13.3
514781,4047580,48.23
514825,4047599,111.1
514860,4047607,357.07
514895,4047617,8.34
514935,4047626,0.5
514972,4047662,1.49
515009,4047675,0.35
515046,4047690,0.92
515078,4047714,0.21
515065,4047755,5.16
515040,4047786,10.25
515020,4047827,15.28
515012,4047872,81.12
515049,4047888,13.86
515085,4047890,0.5
515119,4047911,1.27
515155,4047929,5.87
515141,4047952,3.47
515114,4047935,0.21
515081,4047915,2.05
515054,4047902,15.84
515031,4047901,8.2
515012,4047916,13.15
514990,4047932,3.11
514976,4047894,33.8
514980,4047853,2.83
514970,4047825,27.72
514995,4047791,2.4
515011,4047755,5.87
515031,4047724,1.63
514979,4047701,9.76
514936,4047684,15.63
514892,4047671,15.7
514863,4047657,2.83
514846,4047692,8.91
514889,4047705,23.97
514931,4047722,0.57
514969,4047737,3.68
514956,4047779,16.05
514922,4047757,7.57
514878,4047748,11.67
514829,4047736,30.62
514777,4047766,11.03
514820,4047779,15.84
514866,4047796,29.21
514916,4047808,28.85
514923,4047857,10.04
514871,4047836,37.55
514825,4047829,61.03
514783,4047807,12.16
514739,4047800,13.79
514771,4047829,4.95
514815,4047852,15.28
514869,4047868,31.82
514910,4047888,5.94
514946,4047906,21
514971,4047950,4.88
514948,4047971,3.25
514922,4047938,7.43
514885,4047921,13.65
514849,4047902,18.46
514806,4047892,9.26
514748,4047432,114
514764,4047385,10.61
514794,4047421,34.65
514816,4047442,0.64
514849,4047466,0.5
514878,4047479,5.66
514913,4047482,0.5
514957,4047518,61.67
514984,4047537,3.25
515010,4047547,6.36
515044,4047560,0.14
515077,4047562,14.5
514704,4047370,0.71
514687,4047392,1.49
514796,4047460,16.55
514833,4047495,10.89
514880,4047510,719.22
514928,4047518,60.32
514965,4047555,0.92
515007,4047585,0.99
515052,4047610,0.07
515121,4047623,0.14
515159,4047605,1.27
515162,4047669,1.2
515192,4047716,5.37
515227,4047726,0.07
515181,4047757,19.24
515150,4047784,10.11
515115,4047794,159.69
515112,4047829,11.39
515147,4047842,29
515176,4047861,2.48
515208,4047868,1.63
515243,4047885,1.2
515250,4047850,0.28
515213,4047824,3.82
515178,4047812,3.32
515210,4047783,8.2
515246,4047799,5.66
515263,4047768,1.63
514971,4048295,7
515337,4049281,1.63
515309,4049297,0.85
515280,4049312,1.13
515267,4049287,0.99
515230,4049294,0.64
515200,4049269,0.35
515163,4049242,0.14
515138,4049259,3.04
515160,4049297,0.78
515192,4049331,0.07
515224,4049374,0.42
515272,4049351,0.85
515309,4049335,0.42
515345,4049323,1.34
515384,4049319,0.64
515427,4049298,1.34
515468,4049287,4.1
515513,4049274,2.83
515555,4049270,9.55
515602,4049258,6.01
515637,4049246,2.9
515644,4049203,0.78
515687,4049203,2.26
515709,4049237,2.26
515743,4049181,6.22
515708,4049151,3.75
515667,4049163,6.79
515773,4049151,16.41
515802,4049118,21.64
515844,4049101,16.97
515870,4049086,3.18
515907,4049087,7.57
515959,4049110,4.17
515935,4049054,0.35
515919,4049007,8.7
515925,4048965,15.06
515928,4048920,15.63
515936,4048875,5.8
515941,4048822,10.54
515918,4049142,2.69
515873,4049160,10.04
515836,4049181,11.6
515802,4049203,13.3
515769,4049231,5.23
515729,4049258,1.63
515684,4049296,4.53
515636,4049316,3.96
515595,4049335,2.97
515547,4049352,9.34
515507,4049372,2.83
515460,4049379,0.21
515422,4049392,0.35
515382,4049404,1.84
515334,4049400,0.78
515301,4049405,1.41
514931,4048035,30.62
514941,4048067,121.43
514952,4048099,118.1
514965,4048126,212.37
514961,4048146,58.98
514991,4048175,77.37
515024,4048189,108.91
515073,4048219,191.23
515107,4048203,168.24
515139,4048191,174.25
515180,4048121,147.45
515170,4048086,21.36
515134,4048027,10.68
515095,4047978,3.96
515052,4047948,65.06
514991,4047970,353.74
515330,4048914,107.07
515359,4048931,26.8
515358,4048933,7.85
515310,4048908,70.79
515288,4048898,13.58
515273,4048891,2.69
515263,4048912,3.04
515281,4048919,19.38
515301,4048931,49.08
515318,4048942,47.52
515333,4048949,14.64
515350,4048965,1.13
515334,4048981,2.97
515317,4048966,3.96
515305,4048955,31.89
515284,4048938,26.1
515267,4048930,26.02
515247,4048923,4.74
515225,4048917,5.16
515216,4048934,12.52
515236,4048942,4.31
515252,4048947,3.54
515272,4048956,15.63
515292,4048963,84.79
515310,4048971,7.85
515328,4048982,5.3
515299,4048988,25.25
515316,4049002,3.25
515278,4048978,51.84
515258,4048971,4.74
515236,4048961,4.03
515217,4048955,3.11
515202,4048969,11.46
515224,4048977,13.37
515243,4048985,6.44
515263,4048992,149.29
515284,4048999,97.88
515305,4049009,2.76
515317,4049025,3.54
515319,4049049,0.42
515302,4049035,4.46
515285,4049019,5.02
515270,4049011,43.14
515245,4049008,1.27
515227,4049004,8.98
515204,4048996,13.3
515207,4049017,6.58
515225,4049019,4.46
515249,4049025,4.6
515268,4049032,36.85
515289,4049045,4.74
515309,4049058,1.77
515332,4049073,2.4
515313,4049096,0.71
515296,4049080,2.62
515277,4049069,22.21
515259,4049055,4.46
515245,4049050,2.83
515223,4049044,2.62
515223,4049071,6.58
515246,4049076,10.25
515266,4049085,60.61
515286,4049097,10.04
515306,4049110,1.41
515293,4049137,3.04
515276,4049121,23.69
515262,4049106,36.63
515244,4049096,4.1
515227,4049090,45.69
515206,4049085,28.29
515195,4049095,5.02
515216,4049102,17.18
515235,4049108,6.93
515252,4049119,31.12
515270,4049131,20.58
515286,4049133,33.24
515278,4048871,0.07
515301,4048876,4.46
515326,4048884,42.79
515345,4048893,31.19
515362,4048903,17.47
515383,4048894,5.87
515369,4048876,20.93
515350,4048869,24.89
515322,4048864,9.41
515295,4048857,2.05
515277,4048854,2.4
515605,4048841,12.73
515600,4048875,16.34
515607,4048907,12.38
515613,4048933,22.98
515625,4048960,16.97
515639,4048988,40.38
515657,4049012,15.63
515676,4049036,14.43
515684,4049066,6.15
515664,4049091,3.18
515651,4049110,12.45
515634,4049134,8.98
515623,4049165,6.15
515601,4049191,6.65
515589,4049217,11.53
515568,4049244,7.78
515553,4049276,7.85
515529,4049304,5.37
514656,4047987,0.57
514640,4048032,0.5
514611,4048061,1.34
514580,4048099,0.57
514560,4048141,0.07
514555,4048182,0.21
514541,4048221,0.35
514539,4048263,0.42
514548,4048311,0.64
515553,4047959,138.12
515571,4047910,40.1
515597,4047925,11.81
515604,4047964,23.9
515621,4048009,71.22
515660,4048017,20.01
515687,4048048,1.91
515709,4047999,2.33
515734,4047879,0.07
515668,4048129,28.36
515711,4048151,94.91
515749,4048163,9.83
515786,4048209,4.6
515812,4048258,6.86
515852,4048314,1.7
515867,4048373,14.64
515819,4048359,11.74
515782,4048329,14
515914,4048341,0.35
515946,4048402,8.49
515984,4048447,2.05
515966,4048472,5.37
515933,4048448,3.54
515907,4048403,60.18
515952,4048503,95.47
516001,4048490,6.01
515982,4048524,213.36
515989,4048600,28.29
515995,4048643,11.46
516013,4048667,2.55
516038,4048637,1.41
514940,4048037,212.94
514955,4048062,83.59
514962,4048081,622.83
514974,4048101,12.31
514990,4048121,109.55
515004,4048144,427.22
515026,4048162,103.96
515048,4048184,241.37
515062,4048203,528.14
515085,4048195,1352.87
515069,4048178,56.08
515053,4048162,10.89
515038,4048142,26.24
515023,4048120,48.66
515007,4048099,485.92
514994,4048080,502.96
514978,4048059,52.83
514963,4048039,43.07
514952,4048031,1760.93
514968,4048012,221.57
514982,4048034,9.76
514997,4048052,269.02
515011,4048070,72.42
515027,4048088,78.78
515042,4048109,68.03
515058,4048130,15.84
515075,4048148,38.12
515090,4048165,73.62
515109,4048182,262.37
515134,4048174,166.33
515115,4048159,61.1
515096,4048140,14.5
515077,4048123,28.5
515060,4048107,21.71
515043,4048092,47.17
515025,4048072,103.11
515009,4048045,146.74
515000,4048025,135.71
514982,4047988,1077.14
514983,4047988,191.37
515003,4047980,246.03
515014,4048001,132.03
515022,4048025,16.55
515034,4048045,25.18
515043,4048065,23.48
515052,4048088,25.25
515083,4048110,36.7
515104,4048123,45.4
515130,4048137,110.04
515154,4048148,248.23
515157,4048122,175.53
515132,4048111,986.54
515109,4048099,65.35
515090,4048087,49.57
515073,4048072,18.25
515060,4048051,4.6
515045,4048033,604.23
515034,4048009,184.01
515026,4047985,204.81
515018,4047968,698.01
515040,4047968,546.95
515050,4047988,214.92
515063,4048008,116.05
515074,4048029,562.37
515085,4048052,53.82
515103,4048066,51.7
515126,4048079,220.65
515144,4048092,154.17
515158,4048099,498.65
515144,4048076,449.78
515123,4048060,1691.62
515108,4048048,1311.86
515088,4048031,1235.48
515073,4048016,310.39
515078,4047995,254.45
515096,4048010,105.16
515113,4048026,1031.1
515131,4048041,335.92
515144,4048058,3724.82
515159,4048075,98.51
515643,4048689,13.58
515700,4048670,7.35
515741,4048645,5.87
515789,4048623,3.39
515989,4048771,1.06
515981,4048807,4.81
515985,4048855,2.05
516020,4048867,1.2
516019,4048819,0.92
516024,4048775,0.42
516044,4048903,1.77
516028,4048940,2.33
516035,4048976,2.76
516056,4049019,1.2
516014,4049016,2.05
516000,4048980,1.91
516003,4048942,4.31
516014,4048901,3.18
515982,4048904,1.49
515972,4048938,0.85
515961,4048995,12.38
515981,4049029,0.42
516000,4049061,0.78
